<?xml version="1.0" encoding="UTF-8"?><module codename="org.openide.modules">
    <module_version install_time="1552501946871" last="true" origin="installer" specification_version="7.48.1">
        <file crc="1391508081" name="config/ModuleAutoDeps/org-openide-modules.xml"/>
        <file crc="345659351" name="lib/locale/org-openide-modules_ja.jar"/>
        <file crc="815787015" name="lib/locale/org-openide-modules_pt_BR.jar"/>
        <file crc="770021940" name="lib/locale/org-openide-modules_ru.jar"/>
        <file crc="3261508792" name="lib/locale/org-openide-modules_zh_CN.jar"/>
        <file crc="1359645233" name="lib/org-openide-modules.jar"/>
    </module_version>
</module>
